{"cameraMode":{"drawMode":0,"name":"Shaded","section":"Shading Mode"},"sceneLighting":false,"audioPlay":false,"sceneViewState":{"showFog":true,"showMaterialUpdate":false,"showSkybox":false,"showFlares":true,"showImageEffects":true,"showParticleSystems":true,"showVisualEffectGraphs":true,"m_FxEnabled":true},"in2DMode":false,"pivot":{"x":0.05913591384887695,"y":-0.039890289306640628,"z":-0.03166306018829346},"rotation":{"x":-0.3623634874820709,"y":0.2611396610736847,"z":-0.10652344673871994,"w":-0.8883390426635742},"size":1.732051134109497,"orthographic":false}