{"cameraMode":{"drawMode":0,"name":"Shaded","section":"Shading Mode"},"sceneLighting":true,"audioPlay":false,"sceneViewState":{"showFog":true,"showMaterialUpdate":false,"showSkybox":true,"showFlares":true,"showImageEffects":true,"showParticleSystems":true,"showVisualEffectGraphs":true,"m_FxEnabled":true},"in2DMode":false,"pivot":{"x":-8.728163719177246,"y":-13.509130477905274,"z":14.945096969604493},"rotation":{"x":-0.30240657925605776,"y":0.25952228903770449,"z":-0.08594934642314911,"w":-0.9131300449371338},"size":14.075876235961914,"orthographic":false}