{"cameraMode":{"drawMode":0,"name":"Shaded","section":"Shading Mode"},"sceneLighting":true,"audioPlay":false,"sceneViewState":{"showFog":true,"showMaterialUpdate":false,"showSkybox":true,"showFlares":true,"showImageEffects":true,"showParticleSystems":true,"showVisualEffectGraphs":true,"m_FxEnabled":true},"in2DMode":false,"pivot":{"x":-0.13947629928588868,"y":0.07959747314453125,"z":-0.06436347961425781},"rotation":{"x":-0.2679305672645569,"y":0.2052590698003769,"z":-0.05853705108165741,"w":-0.9395005702972412},"size":3.309966802597046,"orthographic":false}