{"cameraMode":{"drawMode":0,"name":"Shaded","section":"Shading Mode"},"sceneLighting":true,"audioPlay":false,"sceneViewState":{"showFog":true,"showMaterialUpdate":false,"showSkybox":true,"showFlares":true,"showImageEffects":true,"showParticleSystems":true,"showVisualEffectGraphs":true,"m_FxEnabled":true},"in2DMode":false,"pivot":{"x":-23.77749252319336,"y":-17.537654876708986,"z":24.708187103271486},"rotation":{"x":-0.23809193074703217,"y":0.41771459579467776,"z":-0.11438482254743576,"w":-0.8693573474884033},"size":23.993663787841798,"orthographic":false}