{"cameraMode":{"drawMode":0,"name":"Shaded","section":"Shading Mode"},"sceneLighting":true,"audioPlay":false,"sceneViewState":{"showFog":true,"showMaterialUpdate":false,"showSkybox":true,"showFlares":true,"showImageEffects":true,"showParticleSystems":true,"showVisualEffectGraphs":true,"m_FxEnabled":true},"in2DMode":false,"pivot":{"x":1024.7069091796875,"y":540.8824462890625,"z":208.509033203125},"rotation":{"x":-0.09914952516555786,"y":0.0024014327209442856,"z":-0.0002246812218800187,"w":-0.9950929284095764},"size":461.0001525878906,"orthographic":false}